品目コード,品目名称,箱種,品目名称_2
22596,Y86300-60610-B,,
22683,39160-TF0-J010-M1,,
23275,86992-B1010,,
24982,484120-10300,,
26988,484120-10360,,
25880,86101-21230-B,,
26577,484120-10160-A,,
26632,484120-10140-C,,
26851,282K114-3,,
26852,282K114-4,,
27897,86316-B1080-A,,
27898,86316-B1090-A,,
27916,86316-B1110-B,,
28421,8723A093,,
28422,8723A094,,
28838,86316-B2140-B,,
28839,86316-B2150-B,,
28969,Y8723A094,,
28971,86316-B2170-A,,
29166,86316-B2180-B,,
60505,8723A436,,
60506,8723A437,,
60508,8723A439,,
60510,8723A441,,
60511,8723A442,,
60512,8723A443,,
60685,39156-SZT-J510-M1-1,,
60686,39156-SZT-J610-M1-1,,
60687,39156-SZT-J710-M1-1,,
60688,39160-SZT-J510-M1-1,,
60689,39160-SZT-J610-M1-1,,
60690,39167-SZT-J510-M1-1,,
61004,86300-60480-C-1,,
61006,86300-60560-C-1,,
61008,86300-60580-D-1,,
61186,86300-60490-D,,
61188,86300-60590-D,,
61189,86300-60610-D,,
61194,39160-TF0-J310-M1,,
61474,39156-SNA-A020,,
61499,86300-28461,,
61501,86300-28481,,
61508,86316-B2270-D,,
61509,86316-B2280-D,,
61527,8723A087H-1,,
61528,8723A088I-1,,
61533,8723A132H-1,,
61562,Y86300-28461,,
61579,L86300-60580-D-1,,
61580,L86300-60590-D,,
61643,86300-28500-B,,
61730,8723A058-3,,
61733,Y86300-28481,,
61744,39160-SLE-J012-M1,,
61747,39160-SLE-J312-M1,,
61748,39160-SLE-J412-M1,,
61751,39160-SLE-J712-M1,,
61811,86316-B4181,,
61812,86316-B4191,,
61834,39160-SLE-J212-M1-1,,
61835,39160-SLE-J612-M1-1,,
61910,39156-SLE-J013-M1,,
61911,39156-SLE-Q013-M1,,
61914,39584-SLE-J012-M1,,
61915,39836-SLE-J013-M1,,
61920,K86300-48261-A,,
62256,K86300-75030-B,,
62396,39515-TF0-M010-M1,,
62611,39271-71L00,,
62612,39271-71L10,,
62613,39271-71L20,,
62643,39156-SZT-G010-M1,,
62662,86300-58040-C,,
62663,86300-58060-B,,
62684,Y86300-58040-C,,
62694,86101-21231-1,,
62738,L86300-60660-B,,
62739,Y86300-60660-B,,
62740,L86300-60670-C,,
62741,Y86300-60670-C,,
62746,Y86300-48270-D,,
62747,86300-48280-D,,
62810,8723A221,,
62875,Y86300-28500-B,,
62946,39160-SZT-G010-M1-1,,
62948,39160-SZT-J210-M1-1,,
62949,39167-SZT-J210-M1-1,,
62951,39168-SZT-J212-M1-1,,
62953,39168-SZT-J311-M1-1,,
63088,39156-TF0-J020-M1,,
63144,8723A091L,,
63145,Y8723A091L,,
63372,8723A223,,
63373,8723A224,,
63391,86316-B2430-J,,
63393,86316-B2370-J,,
63415,8723A160-3,,
63547,86316-B2420-K,,
63548,86316-B2360-L,,
63628,8723A261,,
63629,8723A262,,
63719,Y86300-48261-A,,
63750,39166-TM8-E010-M1,,
63756,86316-B2500-A,,
63763,86316-B2490-B,,
63927,86300-60760,,
63928,L86300-60760,,
63929,86300-60770,,
63930,L86300-60770,,
63931,86300-60780,,
63933,86300-60790,,
63935,86300-60830,,
63945,K86300-48310,,
64010,39515-TR8-M010-M1,,
64026,39156-T0A-J113-M1,,
64027,39156-T0A-J313-M1,,
64031,39836-T0A-J012-M1,,
64112,86050-60180,,
64113,86050-60300-A,,
64116,Y86050-60180,,
64117,Y86050-60300-A,,
64119,Y86681-71010,,
64127,39160-SZT-A010-M1,,
64255,AG00D 71000S-1,,
64348,86300-48330-A,,
64349,Y86300-48330-A,,
64355,K86300-48330-A,,
64375,39160-TY0-J112-M1,,
64376,39160-TY0-J212-M1,,
64462,Y86300-33350-A,,
64464,K86300-33350-A,,
64542,S39156-TF7-J510-M1,,
64562,39156-TF0-E210-M1-1,,
64596,Y86300-60830,,
64597,Y86300-60790,,
64598,Y86300-60780,,
64599,Y86300-60770,,
64600,Y86300-60760,,
64623,K86050-53130,,
64624,K86050-53140,,
64630,Y86050-76050,,
64631,Y86050-76060,,
64633,Y86050-53140,,
64635,Y86300-48310,,
64694,659018-0140,,
64699,347-0659-003,,
64734,39156-T2A-A011-M1,,
64735,39156-T2A-A211-M1,,
64800,86300-58070,,
64801,Y86300-58070,,
64802,86300-58080,,
64803,Y86300-58080,,
64804,86300-58090,,
64814,39167-TY7-J110-M1,,
64815,39167-TY7-N210-M1,,
64846,39160-TF7-J410-M1,,
64902,39160-TY7-J111-M1,,
64903,39160-TY7-J211-M1,,
64921,39836-T2A-A012-M1,,
64950,39166-SZT-A010-M1,,
65026,D08663-00520,,
65086,39156-SZT-A010-M1-1,,
65087,39156-SZT-G020-M1-1,,
65088,39156-SZT-J310-M1-1,,
65089,8723A289,,
65090,8723A290,,
65091,8723A291,,
65400,39156-T4G-J211-M1-1,,
65401,39160-T4G-J010-M1-1,,
65402,39160-T4G-J110-M1-1,,
65454,86681-12020,,
65557,39156-T3V-J111-Y1,,
65571,Y86300-60580-D-1,,
65699,39156-SZT-J410-M1,,
65700,39160-SZT-J310-M1,,
65751,39836-T3V-J012-Y1,,
65909,K86300-75020-C,,
66050,86101-78630-A,,
66051,86101-78650-A,,
66053,86101-78670-A,,
66054,86101-78680-A,,
66073,86316-B2640-K,,
66101,86316-B2680,,
66102,86316-B2690,,
66284,K86101-78110-A,,
66288,K86101-78180-A,,
66289,K86101-78190-A,,
66299,K86101-78310-A,,
66300,K86101-78330-A,,
66304,K86101-78390-A,,
66307,K86101-78440-A,,
66308,K86101-78460-A,,
66309,K86101-78500-A,,
66310,K86101-78510-A,,
66313,K86101-78570-A,,
66314,K86101-78580-A,,
66346,86101-33F00,,
66347,86101-33E90,,
66418,86316-B1301,,
66456,86316-B2630-J,,
66825,K86101-78070-B,,
66826,K86101-78090-B,,
67016,Y86101-78010-A,,
67017,Y86101-78020-A,,
67018,Y86101-78030-A,,
67019,Y86101-78040-A,,
67020,Y86101-78050-A,,
67021,Y86101-78060-B,,
67023,Y86101-78090-B,,
67024,Y86101-78100-A,,
67025,Y86101-78110-A,,
67026,Y86101-78140-A,,
67027,Y86101-78160-A,,
67028,Y86101-78170-A,,
67029,Y86101-78180-A,,
67030,Y86101-78190-A,,
67031,Y86101-78200-A,,
67032,Y86101-78210,,
67033,Y86101-78220-A,,
67034,Y86101-78240-A,,
67035,Y86101-78260-A,,
67036,Y86101-78270-A,,
67037,Y86101-78280-A,,
67039,Y86101-78300,,
67040,Y86101-78310-A,,
67041,Y86101-78330-A,,
67042,Y86101-78350-A,,
67043,Y86101-78360,,
67044,Y86101-78370-A,,
67045,Y86101-78390-A,,
67046,Y86101-78410-A,,
67047,Y86101-78420-A,,
67048,Y86101-78430-A,,
67049,Y86101-78440-A,,
67050,Y86101-78460-A,,
67051,Y86101-78500-A,,
67052,Y86101-78510-A,,
67053,Y86101-78540-A,,
67054,Y86101-78550-A,,
67055,Y86101-78570-A,,
67056,Y86101-78580-A,,
67057,Y86101-78590-A,,
67058,Y86101-78600-A,,
67090,86101-62060,,
67091,86705-62010,,
67207,Y82824-78110,,
67524,86101-62170-A,,
67527,39156-TDE-J010-M1,,
67528,39156-TDE-J110-M1,,
67529,39160-TDE-J010-M1,,
67530,39160-TDE-J110-M1,,
67619,39156-TDJ-J010-M1,,
67620,39160-TDJ-J010-M1,,
67625,86159-B2200-K,,
67627,86159-B2240-K,,
67758,39156-TY0-J320-M1,,
67780,S39160-T5A-J012-M1,,
67781,S39160-T5A-J113-M1,,
67857,Y86101-33E90,,
67858,Y86101-33F00,,
67859,Y86101-62060,,
67860,Y86101-62170-A,,
67861,Y86705-62010,,
68094,39156-T4G-J112-M1,,
68167,86101-42790-A,,
68168,86101-42800-A,,
68169,86101-42810-A,,
68170,86101-42820-A,,
68190,86300-60850-A,,
68191,86300-60860-A,,
68192,86300-60870-B,,
68193,86300-60880-B,,
68230,39156-TY7-J120-M1-1,,
68262,86159-B2210-K,,
68263,86159-B2250-K,,
68277,39584-T4G-J010-Y1,,
68279,39156-T6G-J220-M1-1,,
68337,39156-T4G-J220-M1-1,,
68338,39156-T4G-J310-M1-1,,
68339,39160-T4G-J210-M1-1,,
68340,39160-T4G-J310-M1-1,,
68370,Y86101-42790-A,,
68371,Y86101-42800-A,,
68372,Y86101-42810-A,,
68373,Y86101-42820-A,,
68378,Y86300-60850-A,,
68379,Y86300-60860-A,,
68380,Y86300-60870-B,,
68381,Y86300-60880-B,,
68389,86316-B2750-B,,
68434,Y86300-75020-C,,
68459,86159-B2310-K,,
68460,86159-B2320-L,,
68490,39584-TY0-J012-Y1,,
69090,39836-T3V-J021-Y1,,
69091,39836-T3V-J110-Y1,,
69238,86101-11310,,
69242,86101-11330,,
69247,86101-11410,,
69248,86101-11390,,
69249,86101-11020,,
69270,39584-T6G-J011-Y1,,
69271,39160-T6G-J120-M1-1,,
69272,39160-T6G-J220-M1-1,,
69276,86159-B2440,,
69277,86159-B2450,,
69378,S39156-T5R-A012-M1,,
69382,S39160-T5R-A213-M1,,
69481,39584-TDE-J011-Y1,,
69516,K86101-78730,,
69517,K86101-78740,,
69519,K86101-78760,,
69649,86101-11360-A,,
69650,86101-11370-A,,
69651,86101-11380-A,,
69721,86159-B2370-J,,
69722,86159-B2430-J,,
69723,86316-B2780-J,,
69724,86316-B2790-J,,
69766,Y86101-78720,,
69767,Y86101-78730,,
69768,Y86101-78740,,
69769,Y86101-78750,,
69770,Y86101-78760,,
69771,Y86101-78770,,
69772,Y86101-78790,,
69773,Y86101-78800,,
69828,Y86101-11310,,
69830,Y86101-11330,,
69831,Y86101-11360-A,,
69832,Y86101-11370-A,,
69833,Y86101-11380-A,,
69835,Y86101-11410,,
69837,Y86681-33030,,
69851,39164-TLA-A011-Y1,,
69852,39166-TLA-A011-Y1,,
69885,86101-11420-B,,
69907,86101-11400-A,,
69923,86101-11040-B,,
69924,86101-11050-B,,
69925,86101-11060-B,,
69926,86101-11080-B,,
69927,86101-11090-B,,
70007,39584-TTA-J010-Y1,,
70015,86159-B2410-J,,
70019,39156-TTA-J110-M1,,
70024,86101-11110-B,,
70025,86101-11120-A,,
70026,86101-11140-A,,
70027,86101-11150-A,,
70028,86101-11170-A,,
70029,86101-11180-B,,
70030,86101-11190-A,,
70031,86101-11200-A,,
70032,86101-11230-B,,
70033,86101-11430-A,,
70042,86101-11320-A,,
70079,C86681-42020-B,,
70080,Y86681-42020-B,,
70178,8723A438-1,,
70189,86681-71030-B,,
70221,Y86101-11040-B,,
70222,Y86101-11050-B,,
70223,Y86101-11060-B,,
70224,Y86101-11080-B,,
70225,Y86101-11090-B,,
70226,Y86101-11110-B,,
70227,Y86101-11120-A,,
70228,Y86101-11140-A,,
70229,Y86101-11150-A,,
70230,Y86101-11170-A,,
70231,Y86101-11180-B,,
70232,Y86101-11190-A,,
70233,Y86101-11200-A,,
70234,Y86101-11230-B,,
70235,Y86101-11320-A,,
70236,Y86101-11390,,
70237,Y86101-11400-A,,
70238,Y86101-11430-A,,
70240,L86681-60220-B,,
70242,Y86681-60220-B,,
70258,86101-42A10-B,,
70259,C86101-42A10-B,,
70260,Y86101-42A10-B,,
70314,86681-60200-B,,
70317,Y86681-60200-B,,
70343,AG00D 73000S,,
70383,39156-TTA-J010-M1-1,,
70384,39160-TTA-J012-M1,,
70418,K86101-78A00,,
70419,K86101-78A40,,
70430,K86101-78B80,,
70432,K86101-78C00,,
70434,86101-78820,,
70518,S39156-T5A-J310-M1-1,,
70573,39515-TLC-R011-Y1,,
70574,39515-TLC-R111-Y1,,
70709,86681-33030-A(SHURYO),,
70711,Y86681-33030-A,,
70997,SWS86808-0K030-A,,
71075,86159-B2230-A,,
71076,86159-B2530-A,,
71086,39584-T4G-J110-Y1,,
71092,Y86101-78810-A,,
71093,Y86101-78830,,
71094,Y86101-78850,,
71095,Y86101-78860,,
71096,Y86101-78870,,
71097,Y86101-78880,,
71098,Y86101-78890,,
71101,Y86101-78A60,,
71102,Y86101-78A70,,
71103,Y86101-78A80,,
71104,Y86101-78A90,,
71105,Y86101-78B00,,
71106,Y86101-78B10,,
71107,Y86101-78B20,,
71108,Y86101-78B30,,
71109,Y86101-78B40,,
71110,Y86101-78B50,,
71111,Y86101-78B80,,
71112,Y86101-78B90,,
71113,Y86101-78C00,,
71115,Y86681-78010,,
71128,86681-30050-B,,
71152,Y86681-30050-B,,
71228,39584-TY0-J01,,
71609,86101-78C50,,
71610,K86101-78C20,,
71636,YS39824-TXM-A114-M1,,
71637,YS39837-TXM-A013-M1,,
71640,39156-TXA-J210-M1,,
71783,86101-10150,,
71934,86101-F4630-A,,
71944,86101-62600-A,,
72000,Y86101-78C20,,
72001,Y86101-78C30,,
72002,Y86101-78C40,,
72014,Y86101-62600-A,,
72189,86101-62061,,
72200,39156-TD4-J011-M1-1,,
72201,39156-TD4-J211-M1-1,,
72202,39156-TD4-J310-M1-1,,
72203,39160-TD4-J011-M1-1,,
72204,39160-TD4-J113-M1,,
72238,86808-26090-A,,
72581,86316-B2810-J,,
72582,86316-B2820-K,,
72586,39156-TAR-E011-M1,,
72587,39156-TAR-G011-M1,,
72588,39160-TAR-E011-M1,,
72589,39160-TAR-G012-M1,,
72590,39160-TAR-G113-M1,,
72591,39156-T5L-T010-M1,,
72667,86705-26010-B,,
72746,86705-26020-A,,
72799,Y86101-62061,,
72804,L82824-78110,,
72805,L86101-78030-A,,
72806,L86101-78040-A,,
72807,L86101-78050-A,,
72808,L86101-78060-B,,
72810,L86101-78090-B,,
72811,L86101-78100-A,,
72812,P86101-78160-A,,
72813,P86101-78170-A,,
72814,P86101-78200-A,,
72815,L86101-78210,,
72816,P86101-78220-A,,
72817,P86101-78260-A,,
72818,P86101-78270-A,,
72819,L86101-78280-A,,
72820,L86101-78300,,
72821,P86101-78350-A,,
72822,L86101-78360,,
72823,P86101-78370-A,,
72824,P86101-78410-A,,
72825,P86101-78420-A,,
72826,L86101-78540-A,,
72827,L86101-78550-A,,
72828,L86101-78590-A,,
72829,L86101-78600-A,,
72830,P86101-78720,,
72831,P86101-78750,,
72832,L86101-78770,,
72833,L86101-78790,,
72834,L86101-78800,,
72835,L86101-78810-A,,
72836,L86101-78830,,
72837,L86101-78850,,
72838,L86101-78860,,
72839,L86101-78870,,
72840,L86101-78880,,
72841,L86101-78890,,
72842,P86101-78A60,,
72843,P86101-78A70,,
72844,L86101-78A80,,
72845,P86101-78A90,,
72846,P86101-78B00,,
72847,L86101-78B10,,
72848,P86101-78B20,,
72849,L86101-78B30,,
72850,P86101-78B40,,
72851,L86101-78B50,,
72853,L86101-78B90,,
72856,P86101-78C30,,
72857,P86101-78C40,,
72858,L86681-78010,,
72907,N6-28241 7NA0B,,
72910,S39156-T5L-T010-M1,,
72911,S39156-T5R-H012-M1-1,,
72949,86101-26500-B,,
72959,Y86101-26500-B,,
72969,86159-B2690-H,,
72970,86316-B2850-H,,
73094,86101-26470-A,,
73122,39584-TD4-J11,,
73131,S39156-TKR-J010-M1-1,,
73132,S39156-TKR-J110-M1-1,,
73133,S39160-TKR-J012-M1-1,,
73316,39156-T6G-J22,,
73364,Y86300-11020-3,,
73365,Y86300-11030-3,,
73366,Y86300-33370-2,,
73379,L86101-78G40,,
73380,L86101-78G50,,
73381,L86101-78G60,,
73382,L86101-78G70,,
73383,L86101-78G90,,
73384,L86101-78J00,,
73385,L86101-78J10,,
73547,86101-11070,,
73548,86101-11100,,
73549,86101-11290,,
73550,86101-11300,,
73551,86101-11440,,
73552,86101-11450,,
73553,86101-11460,,
73554,86101-11470,,
73555,86101-11480,,
73556,86101-11490,,
73557,86101-11500,,
73558,86101-11510,,
73559,86101-11520,,
73560,86101-11530,,
73561,86101-11540,,
73562,86101-11550,,
73563,86101-11560,,
73564,86101-11570,,
73567,86101-11600,,
73571,S39160-TZA-J011-M1,,
73574,S39160-TZA-J111-M1,,
73653,86159-B1010-J,,
73654,86316-B1420-J,,
73674,86101-11620,,
73675,86101-11630,,
73676,86101-11640,,
73677,86101-11650,,
73686,Y86050-12100,,
73687,Y86050-12110,,
73756,86101-26480-B,,
73774,S39160-TZA-E010-M1,,
73790,Y86101-26470-A,,
73835,S39160-TZA-G010-M1,,
73836,S39156-TZA-G011-M1,,
73844,86101-11670,,
73852,Y86101-78G40,,
73853,Y86101-78G50,,
73854,Y86101-78G60,,
73855,Y86101-78G70,,
73856,Y86101-78G90,,
73857,Y86101-78J00,,
73858,Y86101-78J10,,
73892,39584-TTA-J01,,
73929,S39164-TZA-G111-Y1,,
73930,S39515-TZA-G011-Y1,,
73931,S39515-TZA-G111-Y1,,
73945,86101-11660-A,,
73946,L86101-78840,,
73947,L86101-78K10,,
73950,86101-78K20,,
73967,86316-B1440-K,,
74099,Y86101-26480-B,,
74100,Y86101-26510-B,,
74400,S39156-T82-J110-M1,,
74482,S39156-TZA-J210-M1,,
74486,Y86101-11620,,
74487,Y86101-11630,,
74488,Y86101-11640,,
74489,Y86101-11650,,
74490,Y86101-11660-A,,
74491,Y86101-11670,,
74509,Y86101-78840,,
74510,Y86101-78K10,,
74511,Y86101-78K30-A,,
74512,Y86101-11070,,
74513,Y86101-11100,,
74514,Y86101-11290,,
74515,Y86101-11300,,
74516,Y86101-11440,,
74517,Y86101-11450,,
74518,Y86101-11460,,
74519,Y86101-11470,,
74520,Y86101-11480,,
74521,Y86101-11490,,
74522,Y86101-11500,,
74523,Y86101-11510,,
74524,Y86101-11520,,
74525,Y86101-11530,,
74526,Y86101-11540,,
74527,Y86101-11550,,
74528,Y86101-11560,,
74529,Y86101-11570,,
74608,86159-B1040,,
74626,Y86681-30020-A,,
74631,Y86101-11580-A,,
74657,86683-60010,,
74684,Y86681-50380-A,,
74685,Y86681-50390-A,,
74783,S39156-TZA-J012-M1,,
74784,S39156-TZA-J112-M1,,
74785,S39156-TZA-E012-M1,,
74832,L86101-78K30-A,,
74884,Y86681-76020,,
75013,86050-76060,,
75015,86101-78240-A,,
75016,86101-78430-A,,
75034,Y86159-B1010-J,,
75037,Y86159-B2690-H,,
75038,Y86316-B1420-J,,
75039,Y86316-B1440-K,,
75042,Y86316-B2850-H,,
75051,Y86159-B2410-J,,
75058,Y86316-B2810-J,,
75090,86681-76020,,
75117,S39164-TZA-G210-Y1,,
75118,S39164-TZA-G310-Y1,,
75119,S39515-TZA-G210-Y1,,
75130,86101-26580-D,,
75131,86101-26630-B,,
75132,86705-V3010,,
75133,86808-V3010,,
75160,86101-26510-C,,
75206,S39160-TXA-J213-M1,,
75207,S39156-TXA-J012-M1,,
75208,S39156-TXA-J112-M1,,
75209,S39160-TXA-J013-M1,,
75219,S39160-TZA-J210-M1-1,,
75245,86101-26360-C,,
75246,86101-26370-C,,
75247,86101-26380-C,,
75248,86101-26400-C,,
75249,86101-26410-B,,
75250,86101-26430-B,,
75251,86101-26440-B,,
75252,86101-26450-B,,
75253,86101-26460-B,,
75254,86101-26420-A,,
75255,86101-26530-C,,
75256,86101-26550-B,,
75257,86994-26010-A,,
75258,86101-26390-C,,
75260,L86681-60400,,
75272,S39164-TZA-E012-Y1-1,,
75273,S39164-TZA-E112-Y1-1,,
75274,S39515-TZA-E013-Y1-1,,
75276,S39825-TZA-E010-Y1-1,,
75277,S39878-TZA-T012-Y1-1,,
75279,S39878-TZA-G011-Y1-1,,
75280,S39825-TZA-G010-Y1-1,,
75281,S39584-TKR-J010-Y1-1,,
75297,Y86101-26510-C,,
75298,Y86101-26360-C,,
75299,Y86101-26370-C,,
75300,Y86101-26380-C,,
75301,Y86101-26400-C,,
75302,Y86101-26410-B,,
75303,Y86101-26430-B,,
75304,Y86101-26440-B,,
75305,Y86101-26450-B,,
75306,Y86101-26460-B,,
75307,Y86101-26420-A,,
75308,Y86101-26530-C,,
75309,Y86101-26550-B,,
75310,Y86101-26390-C,,
75313,FED39161-T20-A110-Y1,,
75315,FED39167-T20-A110-Y1,,
75316,FED39167-T20-Q110-Y1,,
75317,FED39825-T20-A111-Y1,,
75339,S39160-3M0-J111-M1,,
75378,S39156-3M0-J112-M1,,
75394,S39156-3M0-J012-M1,,
75402,Y86683-60010,,
75405,86101-V3010,,
75406,86101-V3020,,
75407,86101-V3030,,
75408,86101-V3040,,
75409,86101-V3050,,
75410,86101-V3060,,
75611,S39160-3M0-J312-M1,,
75613,S39160-3M0-J512-M1,,
75623,S39164-3M0-J011-Y1-1,,
75624,S39164-3M0-J111-Y1-1,,
75625,S39515-3M0-J011-Y1-1,,
75626,S39584-3M0-J010-Y1-1,,
75627,S39878-3M0-J011-Y1-1,,
75628,S39165-3M0-J010-Y1-1,,
75629,S39825-3M0-J010-Y1-1,,
75825,Y86681-33060,,
75833,39164-TLA-A01,,
75834,39166-TLA-A01,,
75855,S39825-3M0-G010-Y1,,
75856,S39164-3M0-G010-Y1,,
75857,S39164-3M0-G110-Y1,,
75859,S39515-3M0-G010-Y1,,
75874,S39160-3M0-J213-M1,,
76221,S39165-3N0-E010-Y1-1,,
76264,Y86101-V3010,,
76265,Y86101-V3020,,
76266,Y86101-V3030,,
76267,Y86101-V3040,,
76268,Y86101-V3050,,
76269,Y86101-V3060,,
76272,86101-42R60-A,,
76273,86101-42M10-A,,
76274,86101-42Q50-A,,
76293,86101-42N10-A,,
76296,86101-42N50-A,,
76298,86101-42N70-A,,
76301,86101-42P60-A,,
76302,86101-42Q00-A,,
76303,86101-42Q20-A,,
76304,86101-42Q30-A,,
76308,86101-42R40-A,,
76324,86159-B1050-B,,
76397,86101-42M00-A,,
76399,86101-42M30-A,,
76414,FED39167-3S5-A010-Y1,,
76415,FED39825-3S5-A010-Y1,,
76428,Y86159-B1050-B,,
76448,86101-42P10-A,,
76510,AG00D 72000S-1,,
76591,S39156-3M0-J313-M1,,
76608,86101-11580-B,,
76609,86101-11590-B,,
76610,Y86101-11580-B,,
76611,Y86101-11590-B,,
76621,86101-78D10-D-1,,
76628,86101-V3080,,
76773,FED39165-3A0-A010-Y1,,
76774,86101-42N20-B,,
76775,86101-42N30-B,,
76776,86101-42Q80-B,,
76813,Y86101-42N10-A,,
76814,Y86101-42N20-B,,
76815,Y86101-42N30-B,,
76816,Y86101-42N50-A,,
76817,Y86101-42Q00-A,,
76818,Y86101-42Q30-A,,
76820,Y86101-42Q80-B,,
76822,Y86101-42P10-A,,
76823,Y86101-42N60-A,,
76824,Y86101-42N70-A,,
76825,Y86101-42N80-A,,
76827,Y86101-42R00-A,,
76828,Y86101-42R20-B-1,,
76830,Y86101-42R40-A,,
76835,Y86101-42M40-B,,
76836,Y86101-42M60-B,,
76837,Y86101-42M70-B,,
76838,Y86101-42M80-B,,
76839,Y86101-42M90-B,,
76840,Y86101-42Q70-B,,
76841,Y86101-42Q90-B,,
76842,Y86101-42R10-B,,
76843,Y86101-42R60-A,,
76844,Y86101-42M10-A,,
76845,Y86101-42Q50-A,,
76846,Y86101-42M00-C,,
76847,Y86101-42M20-C,,
76848,Y86101-42M30-A,,
76851,Y86101-42R90-C-1,,
76904,86101-42N00-A-1,,
76905,86101-42Q40-A-1,,
76906,86101-42P00-A-1,,
76909,86101-46440-A,,
76949,Y86101-42N00-A-1,,
76950,Y86101-42Q40-A-1,,
76951,Y86101-42P00-A-1,,
76964,86101-42M00-C,,
76965,86101-42M20-C,,
76968,86101-42M40-B,,
76969,86101-42M60-B,,
76970,86101-42M70-B,,
76971,86101-42M80-B,,
76972,86101-42M90-B,,
76973,86101-42Q70-B,,
76974,86101-42Q90-B,,
76975,86101-42R10-B,,
77018,86101-46300-A,,
77019,86101-46350-A,,
77024,86101-46260-A,,
77025,86101-46280-A,,
77026,86101-46370-A,,
77036,86050-12100-1,,
77037,86050-12110-1,,
77042,86050-76050-1,,
77043,86050-76060-1,,
77052,86681-10010-B-2,,
77053,86681-11010-A-1,,
77054,86681-26050-1,,
77055,86681-30020-A-1,,
77058,L86681-33020-B-1,,
77059,86681-33040-A-1,,
77060,86681-33050-1,,
77062,86681-33060-1,,
77063,86681-42030-1,,
77065,86681-42040-1,,
77066,86681-42050-1,,
77067,86681-48080-A-1,,
77068,86681-48150-A-1,,
77069,L86681-50380-A-1,,
77070,L86681-50390-A-1,,
77071,86681-58390-1,,
77072,86681-58400-1,,
77073,86681-60270-1,,
77074,86681-60280-1,,
77077,86681-60410-A-1,,
77078,86681-62010-1,,
77079,86681-76010-1,,
77080,86681-76020-1,,
77100,86101-46540-A,,
77104,86101-42L70-C,,
77105,86101-42L80-C,,
77153,86101-46460-A,,
77155,86101-46470-A,,
77157,86101-46490-A,,
77158,86101-46500-A,,
77159,86101-46510-A,,
77185,86101-YY110-A,,
77204,86101-42R20-B-1,,
77218,Y86050-12110-1,,
77224,Y86050-76050-1,,
77225,Y86050-76060-1,,
77227,Y86681-11010-A-1,,
77228,Y86681-26050-1,,
77230,Y86681-33020-B-1,,
77231,Y86681-33040-A-1,,
77232,Y86681-33050-1,,
77233,Y86681-33060-1,,
77234,Y86681-42030-1,,
77235,Y86681-42040-1,,
77236,Y86681-42050-1,,
77237,Y86681-48080-A-1,,
77238,Y86681-48150-A-1,,
77239,Y86681-50380-A-1,,
77240,Y86681-50390-A-1,,
77241,Y86681-58390-1,,
77242,Y86681-58400-1,,
77243,Y86681-60270-1,,
77244,Y86681-60280-1,,
77247,Y86681-62010-1,,
77248,Y86681-76010-1,,
77262,39164-3M0-J01,,
77264,Y86681-10010-B-2,,
77278,86101-46410-A,,
77331,YS39825-T90-A111-M1,,
77332,YS39825-T90-A311-M1,,
77351,86101-46270-A,,
77352,86101-46290-A,,
77353,86101-46310-A,,
77354,86101-46330-A,,
77355,86101-46360-A,,
77356,86101-46380-A,,
77358,S39156-32R-J011-M1,,
77407,86101-46390-B,,
77408,86101-46400-A,,
77409,86101-46530-B,,
77427,FED39165-3A0-A110-Y1,,
77527,86101-46620-B,,
77536,Y86101-V3080,,
77539,86050-12120-1,,
77540,86050-12130-1,,
77541,Y86050-12120-1,,
77542,Y86050-12130-1,,
77550,86101-46190-A-1,,
77551,86101-46200-A-1,,
77552,86101-46210-A-1,,
77565,86101-46220-B,,
77566,86101-46240-B,,
77569,86101-46230-B,,
77570,86101-46250-B,,
77592,S39515-32R-J010-Y1,,
77593,S39878-32R-J010-Y1,,
77594,86050-42070-A-2,,
77595,86050-42080-2,,
77596,86050-48150-4,,
77597,86050-48190-4,,
77605,99199-55ZA0,,
77613,86101-V2010,,
77615,86101-78C60-B,,
77674,S39160-TTA-J113-M1-1,,
77675,S39160-TKR-J112-M1-2,,
77679,86705-V2030-A,,
77778,86101-11710,,
77779,86101-11720,,
77780,86101-11730,,
77781,86101-11740,,
77804,86101-11690,,
77809,86101-11750,,
77810,86101-11700,,
77811,86101-11860,,
77822,86101-11800,,
77823,86101-11810,,
77824,86101-11820,,
77825,86101-11830,,
77826,86101-11840,,
77827,86101-11850,,
77828,86101-11870,,
77829,86101-11880,,
77830,86101-11890-A,,
77831,86101-11A00,,
77832,86101-11A10,,
77833,86101-11A20,,
77834,86101-11A30,,
77835,86101-11A40,,
77836,86101-11A50,,
77837,86101-11A60,,
77838,86101-11A70,,
77839,86101-11A80,,
77840,86101-11A90-A,,
77841,86101-11B00,,
77842,39164-TZA-E11,,
77843,39515-TZA-E01,,
77845,39878-TZA-T01,,
77926,86101-42P80,,
77927,86101-42W40,,
77928,86101-42W50,,
77953,86101-46430-C,,
77954,86101-46450-C,,
77955,86101-46480-B,,
77956,86101-46520-B,,
78080,86101-57030,,
78082,L86808-V2010-A,,
78110,L86765-V2030-A,,
78122,Y86101-46190-A-1,,
78123,Y86101-46200-A-1,,
78124,Y86101-46210-A-1,,
78125,Y86101-46220-B,,
78126,Y86101-46230-B,,
78127,Y86101-46240-B,,
78128,Y86101-46250-B,,
78129,Y86101-46260-A,,
78130,Y86101-46270-A,,
78131,Y86101-46280-A,,
78132,Y86101-46290-A,,
78133,Y86101-46300-A,,
78134,Y86101-46310-A,,
78135,Y86101-46330-A,,
78136,Y86101-46350-A,,
78137,Y86101-46360-A,,
78138,Y86101-46370-A,,
78139,Y86101-46380-A,,
78140,Y86101-46390-B,,
78141,Y86101-46400-A,,
78143,Y86101-46420-C,,
78144,Y86101-46430-C,,
78145,Y86101-46440-A,,
78146,Y86101-46450-C,,
78147,Y86101-46460-A,,
78148,Y86101-46470-A,,
78149,Y86101-46480-B,,
78150,Y86101-46490-A,,
78152,Y86101-46510-A,,
78153,Y86101-46520-B,,
78155,Y86101-46540-A,,
78163,Y86101-46620-B,,
78187,L86765-V2010-B,,
78188,86765-V2010-B,,
78233,86705-V2030-C-1,,
78243,86101-46550-C,,
78244,86101-46560-C,,
78245,86101-46570-B,,
78246,86101-46580-B,,
78247,86101-46590-B,,
78248,86101-46600-B,,
78249,86101-46610-B,,
78275,86808-V2040-B-1,,
78276,86808-V2050-B-1,,
78277,86808-V2070-B-1,,
78278,86808-V2080-C,,
78297,86101-46420-D,,
78298,86101-46430-D,,
78360,86705-V2010-C-1,,
78361,86705-V2020-C-1,,
78374,L86101-V2100-B,,
78375,L86101-V2120-B,,
78376,L86101-V2130-B,,
78377,L86101-V2150-B,,
78378,L86101-V2160-B,,
78379,L86101-V2090-B,,
78380,L86101-V2140-B,,
78381,L86101-V2220,,
78382,L86159-V2050-B,,
78383,L86159-V2060-B,,
78384,L86159-V2070-B,,
78385,L86159-V2130-B,,
78386,L86159-V2140-B,,
78387,L86159-V2150-B,,
78388,L86159-V2160-B,,
78389,L86159-V2170-B,,
78390,L86159-V2180-B,,
78391,L86159-V2190-B,,
78392,L86159-V2210-B,,
78393,L86159-V2220,,
78394,L86159-V2230,,
78395,L86159-V2240,,
78396,L86808-V2020-B,,
78397,L86808-V2030-B,,
78398,L86808-V2090,,
78400,L86101-V2110-A-1,,
78401,L86101-V2190-A-1,,
78412,Y86050-42070-A-2,,
78413,Y86050-42080-2,,
78414,Y86050-48150-4,,
78415,Y86050-48190-4,,
78434,S39160-32R-J011-M1-1,,
78442,Y86101-46550-C,,
78443,Y86101-46560-C,,
78444,Y86101-46570-B,,
78445,Y86101-46580-B,,
78446,Y86101-46590-B,,
78447,Y86101-46600-B,,
78448,Y86101-46610-B,,
78451,86159-V2010-B,,
78454,86159-V2080-B,,
78455,86159-V2090-B,,
78458,86159-V2110-B,,
78459,86101-V2020-B-1,,
78460,86101-V2040-B-1,,
78461,86101-V2050-B-1,,
78462,86101-V2060-B-1,,
78463,86101-V2070-B-1,,
78464,86101-V2080-B-1,,
78465,86101-V2230-1,,
78475,L86681-11010-A-1,,
78506,39515-TZA-G21,,
78530,Y86101-11710,,
78531,Y86101-11720,,
78532,Y86101-11730,,
78533,Y86101-11740,,
78534,Y86101-11700,,
78535,Y86101-11860,,
78536,Y86101-11800,,
78537,Y86101-11810,,
78538,Y86101-11820,,
78539,Y86101-11830,,
78540,Y86101-11840,,
78541,Y86101-11850,,
78542,Y86101-11870,,
78543,Y86101-11880,,
78544,Y86101-11890-A,,
78545,Y86101-11A00,,
78546,Y86101-11A10,,
78547,Y86101-11A20,,
78548,Y86101-11A30,,
78549,Y86101-11A40,,
78550,Y86101-11A50,,
78551,Y86101-11A60,,
78552,Y86101-11A70,,
78553,Y86101-11A80,,
78554,Y86101-11A90-A,,
78555,Y86101-11B00,,
78569,Y86101-V2090-B,,
78570,Y86101-V2100-B,,
78571,Y86101-V2110-A-1,,
78572,Y86101-V2120-B,,
78573,Y86101-V2130-B,,
78574,Y86101-V2140-B,,
78575,Y86101-V2150-B,,
78576,Y86101-V2160-B,,
78577,Y86101-V2190-A-1,,
78578,Y86101-V2220,,
78579,Y86159-V2050-B,,
78580,Y86159-V2060-B,,
78581,Y86159-V2070-B,,
78583,Y86159-V2140-B,,
78584,Y86159-V2150-B,,
78585,Y86159-V2160-B,,
78586,Y86159-V2170-B,,
78587,Y86159-V2180-B,,
78588,Y86159-V2190-B,,
78589,Y86159-V2210-B,,
78590,Y86159-V2220,,
78591,Y86159-V2230,,
78592,Y86159-V2240,,
78594,Y86765-V2030-A,,
78595,Y86808-V2010-A,,
78596,Y86808-V2020-B,,
78597,Y86808-V2030-B,,
78598,Y86808-V2090,,
78639,Y86101-V2020-B-1,,
78640,Y86101-V2040-B-1,,
78641,Y86101-V2050-B-1,,
78642,Y86101-V2060-B-1,,
78643,Y86101-V2070-B-1,,
78644,Y86101-V2080-B-1,,
78645,Y86101-V2230-1,,
78646,Y86159-V2010-B,,
78647,Y86159-V2020-C-1,,
78648,Y86159-V2080-B,,
78649,Y86159-V2090-B,,
78650,Y86159-V2100-C-1,,
78651,Y86159-V2110-B,,
78652,Y86808-V2040-B-1,,
78653,Y86808-V2050-B-1,,
78654,Y86808-V2070-B-1,,
78655,Y86808-V2080-C,,
78656,Y86101-V2010,,
78657,Y86765-V2010-B,,
78658,Y86159-V2130-B,,
78668,86101-57040-B,,
78671,S39584-3M0-J111-Y1,,
78687,86101-V3090,,
78688,86101-V3100,,
78689,86101-V3110,,
78690,86101-V3120,,
78691,86101-V3130,,
78692,86101-V3150,,
78693,86101-V3160,,
78694,86101-V3180,,
78695,86101-V3200,,
78696,86101-V3220,,
78697,86101-V3240,,
78698,86994-V3010,,
78703,S39156-32R-J013-M1,,
78726,39160-TDJ-J01,,
78764,S39156-39J-J112-M1,,
78767,S39160-TXA-J220-M1,,
78768,S39156-TXA-JA10-M1,,
78769,S39156-TXA-JB10-M1,,
78878,Y86101-V3090,,
78879,Y86101-V3100,,
78880,Y86101-V3110,,
78881,Y86101-V3120,,
78882,Y86101-V3130,,
78883,Y86101-V3150,,
78884,Y86101-V3160,,
78885,Y86101-V3180,,
78886,Y86101-V3200,,
78887,Y86101-V3220,,
78888,Y86101-V3240,,
78903,08663-18010-A,,
78904,08663-18020-A,,
78905,08663-00520-A,,
78906,08663-00530-A,,
78908,39164-TZA-G21,,
78946,86159-V2020-C-1,,
78947,86159-V2020-C-1,,
78948,86159-V2100-C-1,,
78949,86159-V2100-C-1,,
78953,YS39163-TYA-A510-M1,,
78989,86101-46630,,
78990,86101-46340,,
79002,Y86101-42P60-A,,
79003,Y86101-42W50,,
79004,Y86101-42Q20-A,,
79005,Y86101-42W40,,
79034,YS39164-THR-AA11-M1,,
79035,YS39164-THR-AF11-M1,,
79036,YS39164-THR-YC11-M1,,
79037,YS39825-THR-A011-M1,,
79038,YS39825-THR-A111-M1,,
79039,YS39825-THR-A211-M1,,
79040,YS39825-THR-A311-M1,,
79158,S39160-TXA-J020-M1-1,,
79159,S39160-TXA-J220-M1-1,,
79160,Y86101-46630,,
79161,Y86101-46340,,
79169,484120-10140-F,,
79170,484120-10160-E,,
79171,484120-10300-B,,
79172,484120-10360-C,,
79187,86705-V2070-A,,
79188,86705-V2080-A,,
79189,86159-V2250-A,,
79327,S39160-39J-J111-M1-2,,
79337,YS39164-3BM-A111-M1,,
79361,39164-3M0-G01,,
79362,39515-3M0-G01,,
79363,39878-3M0-J01,,
79471,C86681-11010-A-1,,
79523,39825-TZA-G01,,
79535,Y86159-V2250-A,,
79537,86300-11020-4,,
79538,86300-11030-4,,
79539,86300-33370-3,,
79540,L86300-33370-3,,
79541,86300-33380-3,,
79542,L86300-33380-3,,
79544,Y86300-33370-3,,
79545,Y86300-11020-4,,
79546,Y86300-11030-4,,
79547,Y86300-33380-3,,
79848,39515-3M0-J01,,
79849,39584-3M0-J01,,
79987,S39162-3BV-J010-Y1,,
79988,S39515-3BV-J011-Y1,,
79989,S39878-3BV-J010-Y1,,
79990,S39156-3BV-J010-M1,,
79991,S39156-3BV-N010-M1,,
79993,S39161-3BV-J010-M1,,
79999,86050-42110,,
91014,86050-42120-A,,
91074,86050-42130-A,,
91161,Y86050-42110,,
91162,Y86050-42120-A,,
91163,Y86050-42130-A,,
91228,S39156-TKR-N010-M1,,
91236,86101-4A250-A,,
91237,86101-4A330-A,,
91238,86101-4A270-A,,
91240,86101-4A290,,
91241,86101-4AB20,,
91242,86101-4AB50-A,,
91243,86101-4AC10,,
91244,86101-4AC20,,
91245,86101-4AC30,,
91246,86101-4AB60,,
91247,86101-4A400-A,,
91248,86101-4AB70-A,,
91249,86101-4AB80-A,,
91296,S39156-3BV-J011-M1,,
91297,S39156-3BV-N011-M1,,
91298,S39161-3BV-J011-M1,,
91361,86101-V3270-A,,
91362,86101-V3280-A,,
91366,Y86101-V3270-A,,
91367,Y86101-V3280-A,,
91384,86101-0G230-B,,
91388,S39160-3BV-J011-M1,,
91389,S39169-3BV-J011-M1,,
91390,S39160-3BV-J111-M1,,
91414,N6-28241 7UA1B-1,,
91534,YS39164-T90-Y410-M1,,
91539,Y86101-3TG90-A,,
91540,Y86101-3TJ00-A,,
91541,Y86101-3TJ10-A,,
91542,Y86101-3TJ21,,
91543,Y86101-3TJ30-A,,
91544,Y86101-3TJ41,,
91545,Y86101-3TJ50-A,,
91546,Y86101-3TJ60-A,,
91547,Y86101-3TJ71,,
91548,Y86101-3TJ80-A,,
91549,Y86101-3TJ91,,
91550,Y86101-3TL50-A,,
91551,Y86101-3TK00-B,,
91552,Y86101-3TK10-B,,
91553,Y86101-3TK20-B,,
91554,Y86101-3TK30-B,,
91555,Y86101-3TK40-B,,
91556,Y86101-3TK50-B,,
91557,Y86101-3TK60-B,,
91558,Y86101-3TL40-A,,
91559,Y86101-3TK70-B,,
91560,Y86101-3TK80-B,,
91561,Y86101-3TK90-B,,
91562,Y86101-3TL00-B,,
91563,Y86101-3TL10-B,,
91564,Y86101-3TL20-B,,
91565,Y86101-3TL30-B,,
91566,Y86101-3TL60-B,,
91567,Y86101-3TL70-B,,
91568,Y86101-3TL80-A,,
91599,86101-46700,,
91609,86101-3TG90-A,,
91610,86101-3TJ00-A,,
91611,86101-3TJ10-A,,
91612,86101-3TJ21,,
91613,86101-3TJ30-A,,
91614,86101-3TJ41,,
91615,86101-3TJ50-A,,
91616,86101-3TJ60-A,,
91617,86101-3TJ71,,
91618,86101-3TJ80-A,,
91619,86101-3TJ91,,
91620,86101-3TL50-A,,
91621,86101-3TK00-B,,
91622,86101-3TK10-B,,
91623,86101-3TK20-B,,
91624,86101-3TK30-B,,
91625,86101-3TK40-B,,
91626,86101-3TK50-B,,
91627,86101-3TK60-B,,
91628,86101-3TL40-A,,
91629,86101-3TK70-B,,
91630,86101-3TK80-B,,
91631,86101-3TK90-B,,
91632,86101-3TL00-B,,
91633,86101-3TL10-B,,
91634,86101-3TL20-B,,
91635,86101-3TL30-B,,
91636,86101-3TL60-B,,
91637,86101-3TL70-B,,
91638,86101-3TL80-A,,
91656,S39160-TKR-N011-M1,,
91674,S39160-3M0-JA11-M1,,
91696,S39161-3BW-Z010-M1,,
91697,S39161-3BW-Q010-M1,,
91701,S39836-3BW-J012-Y1,,
91712,Y86101-46700,,
91714,S39169-3M0-JA11-Y1,,
91715,S39168-3M0-JA10-Y1,,
91755,S39156-T82-J010-M1,,
91756,86101-46710,,
91757,86101-46720,,
91758,86101-46730,,
91759,86101-46740,,
91760,86101-42P50-B,,
91761,86101-4A260-B,,
91762,86101-4A300-B,,
91763,86101-4A310-B,,
91785,Y86101-46710,,
91786,Y86101-46720,,
91787,Y86101-46730,,
91788,Y86101-46740,,
91823,N6-28241 7UA0A-2,,
91824,N6-28241 7UA0B-2,,
91825,N6-28241 7UJ1A-2,,
91882,86101-42R70-D,,
91883,86101-42R80-B,,
91884,86101-42R90-D,,
91886,Y86101-42P50-B,,
91887,Y86101-4A260-B,,
91888,Y86101-4A300-B,,
91889,Y86101-4A310-B,,
91890,Y86101-4A250-A,,
91891,Y86101-4A330-A,,
91892,Y86101-4A270-A,,
91893,Y86101-4AB50-A,,
91894,Y86101-4A400-A,,
91895,Y86101-4AB70-A,,
91896,Y86101-4AB80-A,,
91897,Y86101-4A290,,
91898,Y86101-4AB20,,
91899,Y86101-4AC10,,
91900,Y86101-4AC20,,
91901,Y86101-4AC30,,
91902,Y86101-4AB60,,
91903,86101-42S00-D,,
91904,86101-42S10-D,,
91905,86101-42S40-D,,
91906,86101-42S50-D,,
91926,S39515-3BW-J011-Y1,,
91927,S39584-3BW-J011-Y1,,
92043,S39156-32J-J110-M1,,
92044,S39160-32J-J110-M1,,
92078,86101-42N60-B,,
92079,86101-42N80-B,,
92080,86101-42N90-B,,
92081,86101-42R30-B,,
92082,86101-42R00-B,,
92240,S39156-3BW-Z012-M1,,
92241,S39156-3BW-Q012-M1,,
92242,S39156-3BW-N012-M1,,
92243,S39161-3BW-N012-M1,,
92244,S39160-3BW-N112-M1,,
92284,Y86101-42R70-D,,
92285,Y86101-42R80-B,,
92286,Y86101-42R90-D,,
92287,Y86101-42N60-B,,
92288,Y86101-42N80-B,,
92289,Y86101-42N90-B,,
92290,Y86101-42R30-B,,
92291,Y86101-42R00-B,,
92292,Y86101-42S00-D,,
92293,Y86101-42S10-D,,
92294,Y86101-42S40-D,,
92295,Y86101-42S50-D,,
92296,Y86101-46420-D,,
92345,S39584-32R-JA10-Y1,,
92346,S39515-32R-J020-Y1,,
92380,Y86101-57030,,
92381,Y86101-57040-B,,
92454,S39161-3BW-N012-M1-1,,
92455,S39161-3BW-Z011-M1,,
92456,S39161-3BW-Q011-M1,,
92457,S39160-3BW-N112-M1-1,,
92459,86101-30U90,,
92486,S39156-3BW-N012-M1-1,,
92487,S39156-3BW-Q012-M1-1,,
92488,S39156-3BW-Z012-M1-1,,
92576,C86101-3TJ30-A,,
92578,C86101-3TL60-B,,
92579,C86101-3TL80-A,,
VC70000,86101-AN190,,
VC70001,86101-AN270,,
VC70002,86101-AN280,,
VC70014,86101-V3420,,
VC70016,86159-B1110,,
VC70023,S39584-32R-JA11-Y1,,
VC70029,S39160-TZB-J111-M1,,
VC70030,863D1-42040-A,,
VC70031,863D1-42020-A,,
VC70032,863D1-42090-A,,
VC70033,863D1-42010-A,,
VC70034,863D1-42030-A,,
VC70035,863D5-42060,,
VC70036,863D5-42020,,
VC70037,863D5-42040,,
VC70038,863D5-42080,,
VC70039,863D5-42100,,
VC70040,863D5-42030,,
VC70041,863D5-42070,,
VC70042,863D5-42110,,
VC70043,863D5-42090,,
VC70044,863D5-42050,,
VC70045,863D5-42010,,
VC70046,863D7-42040,,
VC70047,863D7-42010,,
VC70048,863D1-42200-A,,
VC70068,863D1-42050,,
VC70069,863D1-42080,,
VC70070,863D1-42060,,
VC70071,863D1-42070,,
VC70072,863D3-42010,,
VC70073,863D3-42020,,
VC70074,863D3-42040,,
VC70075,863D3-42050,,
VC70076,863D3-42060,,
VC70077,863D7-42030,,
VC70078,863D7-42050,,
VC70108,AG00D 73001S,,
VC70109,S39156-3BW-N012-M1-2,,
VC70110,S39156-3BW-Q012-M1-2,,
VC70111,S39156-3BW-Z012-M1-2,,
VC70115,N6-28241 7UA1B-2,,
VC70118,C86101-3TK20-C,,
VC70131,86681-33030-A,,
VC70132,L86681-33030-A,,
VC70133,863D5-42240,,
VC70137,86101-3TK00-C,,
VC70138,86101-3TK10-C,,
VC70139,86101-3TK20-C,,
VC70140,86101-3TK30-C,,
VC70141,86101-3TK40-C,,
VC70142,86101-3TK50-C,,
VC70143,86101-3TK60-C,,
50022,39835-T5A-J511-M1(51905HD26),,
50092,86860-B2160-K(YOP-5265DH14),,
50093,86860-B2170-J(YOP-5265DH15),,
50119,39835-T5R-A010-M1(5265HD142),,
50191,39582-TTA-J010-M1,,
50193,86860-90V010(YOP-5264AW01),,
50248,434831-0222(YOZ-51864DI01),,
50276,YOP-5270-FN01,,
50384,39835-TD4-J010-M1(51905HD34),,
50407,99411-00114(YOP-5264AW),,
50489,82715-11530,,
50494,868A0-58040-A,,
50496,39835-TZA-J010-M1(5265HD165),,
50520,86880-11020,,
50521,86860-11010-B-1,,
50522,86860-78010-C-2,,
50523,C86860-78010-C-2,,
50524,L86860-78010-C-2,,
50525,K86860-78010-C-2,,
50534,Y86860-11010-B-1,,
50535,Y86860-78010-C-2,,
50548,39582-TY0-J01,,
50551,Y868A0-58040-A,,
50589,39835-T5A-E01,,
50596,39835-TZA-J110-M1(50975HD20),,
50602,Y82715-11530,,
50633,Y86860-B2230-K,,
50650,39835-TZA-Z010-M1(5277HD04),,
50669,Y86880-11020,,
50681,L868A0-60060,,
50682,L868A0-60070,,
50693,8B500-3M0-J010-M1(52012HD14),,
50694,8B505-3M0-J010-M1(52018HD28),,
50695,8B580-3M0-J010-M1(50975HD19),,
50697,39510-TZA-E011-M1(52343HD01),,
50698,39510-TZA-E111-M1(52344HD01),,
50699,39510-TZA-G011-M1(52343HD02),,
50700,39510-TZA-G111-M1(52344HD02),,
50707,L868A0-60080,,
50708,L868A0-60090,,
50741,8B500-3M0-G010-M1(52012HD15),,
50742,8B505-3M0-G010-M1(52018HD33),,
50749,8B550-3M0-Q010-M1(5277HD14),,
50765,Y868A0-60060,,
50766,Y868A0-60070,,
50767,Y868A0-60080,,
50768,Y868A0-60090,,
50793,39835-TZA-J01,,
50799,Y86880-42010-A,,
50954,86860-11030,,
50961,86880-42010-A-1,,
50962,86880-42030-A-1,,
50963,C86880-42010-A-1,,
50964,C86880-42030-A-1,,
50965,L86880-42010-A-1,,
50966,L86880-42030-A-1,,
50974,39835-TD4-J01,,
50987,8B500-32R-J010-M1(52344HD04),,
50996,86860-90A020-A(YOP-5264-AW03),,
51120,462800-0840(YOP-5170DI47),,
51299,Y86880-42010-A-1,,
51339,Y86880-42030-A-1,,
51700,86880-11020-A,,
51707,Y86860-11030,,
51733,86860-B4010(YOP-5178DH01),,
51802,86860-B2060(YOP-5178DH03),,
51907,86860-B2070-A(YOP-5178DH04),,
52006,220040-0040(YOZ-50983DI04),,
52067,86860-60V160(YOP-5225AW02),,
52068,99014-00193(YOP-5100AW02),,
52080,86860-B2090-A(YOP-5178DH06),,
52204,86860-B1040-H(YOP-5178DH07),,
52422,414281-0010(YOP-5150DI21),,
52493,AU-15-1.0B,,
52513,86860-60V130,,
52533,462800-1462(YOP-5249DI19),,
52541,39583-SZT-J011-M1(51417HD12),,
52668,462800-1500(YOP-5249DI24),,
52735,86860-B1030,,
52742,86860-B2100-K,,
52743,86860-B2110-A,,
52822,462800-0701(YOP-5255DI33),,
52825,462800-0901(YOP-5255DI58),,
52830,462800-1040(YOP-5255DI78),,
52835,462800-1190(YOP-5255DI75),,
52836,462800-1201(YOP-5255DI76),,
52837,462800-1270(YOP-5255DI80),,
52838,462800-1280(YOP-5255DI79),,
52842,86860-B2130-A(YOP-5256DH11),,
52857,86860-B2140-A(YOP-5256DH12),,
52874,195000-02900700,,
52955,86800-60V120-B(YOP-5225AW04),,
52959,86860-B2150-J(YOP-5256DH13),,
52964,220081-0131,,
53011,195000-03200700,,
53248,39835-SZT-A011-M1(5265HD40),,
53382,39582-T4G-J010-M1(50975HD10),,
53419,86960-11010,,
53425,82715-11660,,
53426,Y82715-11660,,
53427,Y86960-11010,,
53428,86860-B2250(YOP-5265DH20),,
53433,86860-30320(YOP-5268TY07),,
53434,86860-30350(YOP-5268TY08),,
53436,K86860-76030(YOP-5268TY05),,
53437,Y86860-30320(YOP-5268TY07),,
53438,Y86860-30350(YOP-5268TY08),,
53440,Y86860-76030(YOP-5268TY05),,
53447,86860-B2230-K(YOP-5265-DH18),,
53458,86860-47100-A(YOP-5268TY06),,
53464,Y86860-47100-A(YOP-5268TY06),,
53469,868A0-26010(YOP-5275TY03),,
53470,868A0-58030-A-1,,
53484,L868A0-35010-A,,
53485,86880-52020,,
53486,L86880-52020,,
53487,K86880-52020,,
53492,Y868A0-35010-A,,
53493,Y86880-52020,,
53574,220081-0262,,
53576,220081-0321,,
53577,220081-0402,,
53578,220081-0412,,
53579,220081-0421,,
53580,220081-0432,,
53581,220081-0441,,
53582,220081-0081,,
53587,220081-0231,,
53588,220081-0271,,
53589,220081-0281,,
53590,220081-0291,,
53591,220081-0302,,
53592,220081-0331,,
53595,220081-0371,,
53596,220081-0381,,
53597,220081-0391,,
53598,220081-0471,,
53680,AU-15-5B,,
53689,157000-49700700(YOP-5264-FT03),,
53713,8B500-3BV-J010-M1(52344HD06),,
53714,AU-15-5S,,
53757,8B500-3BW-J010-M1(52794HD01),,
53758,8B500-3BW-T010-M1(52795HD01),,
53778,86760-77050,,
53779,220081-0450,,
53780,220081-0460,,
53782,YOZ-52683ZZ02-FN,,
53811,220081-0490,,
53822,220081-0500,,
53824,8B580-32R-J010-M1(50975HD26),,
79165,86325SL700,,
79313,87785AR000,,
79351,240P2 7TB1C,,
79352,240P2 7TB1D,,
79495,240P2 7UA0A,,
79496,240P2 7UA1A,,
79498,240P2 7UA9A,,
79871,240P2 7YA0A,,
79872,240P2 7YA0B,,
79873,240P2 7YA0C,,
79885,240P2 7LE0A,,
91395,963N4 7VG0A,,
91705,240P2 7TB1B-1,,
91706,240P2 7LE2B-2,,
92115,240P2 7TB5A-1,,
92214,877A4AR000-1,,
92215,877A4AR100-1,,
92217,877A4AR120-1,,
92219,877A4AR110-1,,
92220,87783AR000-1,,
92223,877A4AR020-2,,
92224,877A4AR120-2,,
92225,877A4AR010-2,,
92226,877A4AR110-2,,
92367,N6-240P2 7UA2A-1,,
VC80012,240P2 7LE0A,,
VC80017,240P2 7TB1B-1,,
VC80018,240P2 7TB1C,,
VC80019,240P2 7TB1D,,
23013,39250-76F20,,
24367,N281J072-5,,
24369,N281J072-6,,
24536,86310-97208-A,,
28341,N281J069-8,,
28344,N281J085-3,,
28345,N281J085-4,,
28418,39250-76F00,,
28576,N281J076-9,,
28577,N281J076-10,,
62190,8723A169-1,,
62710,8723A036-5,,
62711,8723A037-5,,
62712,Y8723A036-5,,
62713,Y8723A037-5,,
21284,86309-48040-A,,
21901,86300-47020-L,,
22020,86300-52370-B,,
22354,Y86300-47020-L,,
22455,Y86309-48040-A,,
22533,Y86300-52370-B,,
27719,39251-81J00,,
27864,39251-81JA0,,
28836,86300-B2120-C,,
28837,86300-B2140,,
61177,86300-B4080,,
61183,39253-81J03,,
61357,86300-71010-A,,
61358,86300-71020-A,,
61495,Y86300-71010-A,,
61496,Y86300-71020-A,,
61507,86300-B2200-D,,
61638,86300-B4061,,
61728,86300-B1041-A,,
61729,86300-B1061-A,,
61882,86300-B4012,,
61933,86300-B1080-K,,
62094,86300-B1051-A,,
62095,86300-B1071-A,,
62666,Y86300-12A60,,
62775,86309-42080-A,,
62776,86309-42070-A,,
62778,86309-47010-A,,
62783,Y86309-47010-A,,
62784,Y86309-68020-A,,
62786,Y86309-42070-A,,
62787,Y86309-42080-A,,
63084,39251-50M00,,
63156,86300-B1100-F,,
63157,86300-B1120-D,,
63179,86761-47010-1,,
63424,C86309-68020-A,,
63562,L86300-42200-A,,
63563,86300-74020-C,,
63565,86300-42170-A,,
63566,86300-42180-A,,
63567,86300-74010-C,,
63569,Y86300-68040-C,,
63571,Y86300-42190-A,,
63572,Y86300-42200-A,,
63573,Y86300-74020-C,,
63575,Y86300-42170-A,,
63576,Y86300-42180-A,,
63577,Y86300-74010-C,,
63652,86300-47051,,
63654,Y86300-47051,,
63655,Y86300-47061,,
63731,Y86300-68060-B,,
63765,86300-B2290-A,,
64103,M86309-68020-A,,
64104,86300-12A10-C,,
64105,86300-12A40-B,,
64107,Y86300-12A10-C,,
64108,Y86300-12A40-B,,
64146,86300-74011,,
64149,Y86300-74011,,
64150,Y86300-74021,,
64162,Y86300-47100-A-1,,
64290,86300-B2300-A,,
64291,86300-B2310-A,,
64428,Y86300-52530-C,,
64429,D86300-52530-C,,
64566,86300-71070,,
64567,86300-71080,,
64568,86300-71090,,
64583,86300-47080-A,,
64584,86300-47090-A,,
64587,86300-B2360-A,,
64588,86300-B2370-A,,
64620,39253-85K01,,
64621,39253-81JA2,,
64755,Y86300-47090-A,,
64756,Y86300-47080-A,,
64973,Y86300-71070,,
64974,Y86300-71080,,
64975,Y86300-71090,,
65000,86960-47031,,
65001,Y86960-47031,,
65002,86760-47031,,
65003,Y86760-47031,,
65045,86761-47011-A-1,,
65046,Y86761-47011-A-1,,
65074,Y86300-52510-D,,
65234,86860-36081,,
65235,Y86860-36081,,
65470,39251-81M00,,
65718,86300-68060-B,,
65719,86300-68040-C,,
65724,Y86769-53010,,
67141,86300-52590-A-1,,
67488,Y86300-12A90-A-1,,
67490,Y86300-12B00-A-3,,
67491,Y86300-47110-3,,
67492,Y86300-47120-1,,
67562,863C0-47030-A,,
67565,863C0-47040-A,,
67567,Y863C0-47030-A,,
67568,Y863C0-47040-A,,
67570,86300-47200-A-1,,
67571,Y86300-47200-A-1,,
67573,86309-47030,,
67598,86300-47110-3,,
67599,86300-47120-1,,
67601,86300-12B00-A-3,,
68344,Y86769-12010,,
68438,Y86769-33020,,
70296,86300-52520-C,,
70297,Y86300-52520-C,,
71421,86397-B1010,,
71654,86309-26020,,
71657,Y86309-26020,,
71663,39150-TXA-J010-M1-1,,
71935,39151-TTA-J210-M1,,
72540,86309-26030,,
73135,S39150-TKR-J010-M1-1,,
73141,86300-B2481,,
73224,86300-B1152-A,,
73225,86300-B1131-A,,
73228,86300-B2522-A,,
73296,86300-B2540-K,,
73895,S39150-TZA-J511-M1-1,,
73896,39150-TJL-J511-M1-1,,
74145,Y86309-26030,,
75061,Y86300-B1131-A,,
75062,Y86300-B1152-A,,
75063,Y86300-B2481,,
75065,Y86300-B2540-K,,
75264,86300-26210-B,,
75265,86300-26220-B,,
75266,86300-26240-A,,
75294,Y86300-26210-B,,
75295,Y86300-26220-B,,
75296,Y86300-26240-A,,
77265,S39150-TTA-J211-M1-1,,
77266,S39150-TXA-J210-M1-2,,
77267,S39150-TKR-J210-M1-2,,
77571,86300-B2340-1,,
77572,86300-B2350-1,,
78498,86300-B2310-A-1,,
78499,86300-B2300-A-1,,
79281,86300-52170-D,,
79282,Y86300-52170-D,,
79338,39253-50M01-1,,
79391,86300-B1190-1,,
79393,86300-B2550-K-1,,
79395,86300-B2120-C-1,,
79406,86300-B2220-K-1,,
79407,86300-B2240-K-1,,
79408,86300-B2280-A-1,,
79417,86300-B2531-1,,
79418,86300-B1131-A-1,,
79434,Y86300-B1131-A-1,,
79436,Y86300-B2531-1,,
79438,Y86300-B2550-K-1,,
79440,Y86300-B1190-1,,
91433,39253-74P02,,
91434,39253-74P13,,
91435,39253-62R13,,
91436,39253-63R01,,
91437,39253-81M03,,
65723,86769-53010,,
66354,86300-48360-A0-B,,
66355,86300-48360-B0-B,,
66357,86300-48360-C0-B,,
66358,86300-48360-C1-B,,
66359,86300-48360-D0-B,,
66360,86300-48360-E0-B,,
66361,86767-48010-A-BK,,
66390,Y86300-48360-A0-B,,
66391,Y86300-48360-B0-B,,
66393,Y86300-48360-C0-B,,
66394,Y86300-48360-C1-B,,
66395,Y86300-48360-D0-B,,
66396,Y86300-48360-E0-B,,
67100,86767-30010-A-BK,,8676730010BK0
67442,86300-12B30-A0,,
67443,86300-12B30-A1,,
67444,86300-12B30-B0,,
67445,86300-12B30-C0,,
67446,86300-12B30-D0,,
67447,86300-12B30-E0,,
67448,86300-12B30-G0,,
67450,86300-12B40-A0,,
67451,86300-12B40-A1,,
67452,86300-12B40-B0,,
67453,86300-12B40-C0,,
67454,86300-12B40-D0,,
67455,86300-12B40-E0,,
67456,86300-12B40-G0,,
67692,86300-12B30-J1,,
67693,86300-12B40-J1,,
67869,86960-47050,,
67915,K86760-33140-A,,
67916,K86760-33150-A,,
68024,Y86760-33140-A,,
68025,Y86760-33150-A,,
68266,86300-48360-C2-B,,
68293,Y86300-48360-C2-B,,
68336,86767-48020-BK,,
68343,86769-12010,,
68345,Y86300-12B30-A0,,
68346,Y86300-12B30-A1,,
68347,Y86300-12B30-B0,,
68348,Y86300-12B30-C0,,
68349,Y86300-12B30-D0,,
68350,Y86300-12B30-E0,,
68351,Y86300-12B30-G0,,
68352,Y86300-12B30-J1,,
68353,Y86300-12B40-A1,,
68354,Y86300-12B40-B0,,
68355,Y86300-12B40-C0,,
68356,Y86300-12B40-D0,,
68357,Y86300-12B40-E0,,
68358,Y86300-12B40-G0,,
68359,Y86300-12B40-J1,,
68392,86300-47170-A,,
68435,86769-33020,,
68436,86767-53010-D-BK,,
68437,86767-53010-D-GR,,8676753010GR0
68625,Y86300-47170-A,,
68630,Y86960-47050,,
68684,86760-53080-D,,
68686,86760-60130-B,,
68688,L86760-53080-D,,
68692,K86760-53080-D,,
68698,Y86760-53080-D,,
68700,Y86760-60130-B,,
68706,86300-47180-B,,
68714,Y86300-47180-B,,
69113,86767-12010-A-BK,,
69153,86760-48061,,
69161,NW-28228 6FL3A,,
69164,NW-28228 6FP2B,,
69259,Y86760-48061,,
69370,86760-33210-A0,,
69371,86760-33210-A1,,
69372,86760-33210-B0,,
69373,86760-33210-B1,,
69374,86760-33210-B2,,
69375,86760-33210-C0,,
69507,86760-33210-E0,,
69597,86760-33190-A,,
69611,K86760-33200-A,,
69613,Y86760-33210-A0,,
69614,Y86760-33210-A1,,
69615,Y86760-33210-B0,,
69617,Y86760-33210-B2,,
69618,Y86760-33210-C0,,
69619,Y86760-33210-E0,,
69653,K86760-33110-B,,
69654,Y86760-33110-B,,
69662,86760-48080-C,,
69663,L86760-48080-C,,
69664,L86760-53090-D-1,,
69665,K86760-48080-C,,
69666,K86760-53090-D-1,,
69668,Y86760-48080-C,,
69669,Y86760-53090-D-1,,
69795,86767-33020-BK,,
69838,Y86760-33200-A,,
70070,Y86760-33190-A,,
70188,L86760-50170,,
70288,86760-47081-A,,
70298,Y86760-47081-A,,
70396,86300-48360-J1-B,,
70397,Y86300-48360-J1-B,,
70441,K86760-50180,,
70448,86300-48360-D2-B,,
70449,Y86300-48360-D2-B,,
70765,86300-48410-A0-1,,
70766,86300-48410-B0-1,,
70767,86300-48410-C0-1,,
70768,86300-48410-C1-1,,
70769,86300-48410-D0-1,,
70770,86300-48410-J0-1,,
70771,Y86300-48410-A0-1,,
70772,Y86300-48410-B0-1,,
70773,Y86300-48410-C0-1,,
70774,Y86300-48410-C1-1,,
70775,Y86300-48410-D0-1,,
70776,Y86300-48410-J0-1,,
71149,Y86760-50170,,
71150,Y86760-50180,,
71184,K86760-33220-A,,
71226,86760-12020,,
71227,Y86760-33220-A,,
71239,K86760-33230,,
71240,Y86760-50190-A,,
71241,Y86760-33230,,
71395,86760-12030,,
71396,Y86760-12030,,
71651,86767-76010-BK,,
71890,L86760-53071-A,,
71893,86760-53100-D,,
71894,L86760-53100-D,,
71997,Y86760-53100-D,,
71999,Y86760-76100-A,,
72218,86300-48360-C3-B,,
72512,Y86760-12020,,
72513,Y86300-48360-C3-B,,
72762,Y86760-47110-A-1,,
72780,86760-62040,,
72781,L86760-62040,,
72784,86760-62060-1,,
72785,L86760-62060-1,,
72892,86760-26020-A1-B,,
72893,86760-26020-B1-B,,
72894,86760-26020-E1-B,,
72973,Y86760-26020-A1-B,,
72974,Y86760-26020-B1-B,,
72975,Y86760-26020-E1-B,,
73076,86760-47061-A-2,,
73077,C86760-47061-A-2,,
73079,Y86760-47061-A-2,,
73080,86760-47110-A-2,,
73643,NW-28228 6RA4A-1,,
73679,Y86769-48020,,
73690,86769-0C010,,
73691,86769-48020,,
73757,Y86769-K0010,,
73798,86769-K0010,,
73834,Y86760-62040,,
73871,Y86760-62060-1,,
73897,86300-47210,,
73898,86300-47220,,
73900,86960-47060,,
73949,86769-04010-1,,
74142,Y86760-48070-C-1,,
74153,86760-48070-C-1,,
74155,L86760-58010-H-1,,
74156,86760-58010-H-1,,
74252,86760-52020-A,,
74254,Y86760-52020-A,,
74255,86760-10010-A,,
74257,Y86760-10010-A,,
74556,86760-47050-1,,
74563,Y86760-58010-H-1,,
74841,MS-8723A625BA-1,,
74842,MS-8723A625HA-1,,
74843,MS-8723A625HB-1,,
74844,MS-8723A625RA-1,,
74845,MS-8723A625WA-1,,
74846,MS-8723A625WB-1,,
74847,MS-8723A625XA-1,,
74848,MS-8723A625XB-1,,
74904,Y86300-47210,,
74905,Y86300-47220,,
74906,Y86760-47050-1,,
74907,Y86960-47060,,
75001,MS-8723A592-4(28208 6RA0A),,
75002,MS-8723A594-4(28208 6RS0A),,
75003-OLD,MS-8723A599-4(28208 6RM0A),,
75011,86760-76100-A,,
75012,86760-50190-A,,
75466,MF-8723A744(282D7 6RR0A),,
75467,MF-8723A562(282D8 6RR0A),,
75468,MF-8723A745(282D9 6RR0A),,
75471,MF-8723A592-4(28208 6RA0A),,
75472,MF-8723A594-4(28208 6RS0A),,
75476,MF-8723A625BA-1,,
75477,MF-8723A625HA-1,,
75478,MF-8723A625HB-1,,
75479,MF-8723A625RA-1,,
75480,MF-8723A625WA-1,,
75481,MF-8723A625WB-1,,
75482,MF-8723A625XA-1,,
75483,MF-8723A625XB-1,,
75484,MF-8723A625YA-1,,
75598,86760-26010-A1-C,,
75601,86760-26010-C1-C,,
75602,86760-26010-A2-C,,
75603,86760-26010-B4-C,,
75604,Y86760-26010-A1-C,,
75605,Y86760-26010-B2-C,,
75606,Y86760-26010-B3-C,,
75607,Y86760-26010-C1-C,,
75608,Y86760-26010-A2-C,,
75609,Y86760-26010-B4-C,,
75806,L86760-42080,,
76512,86760-K0010-B,,
76514,L86760-K0010-B,,
76518,Y86760-K0010-B,,
76725,Y86760-62010-B-1,,
76726,Y86760-62050-A-1,,
76727,86760-62010-B-1,,
76728,L86760-62010-B-1,,
76729,86760-62050-A-1,,
76730,L86760-62050-A-1,,
77028,86760-48100-A,,
77035,86760-30270-1,,
77095,86760-26020-C0-B,,
77096,Y86760-26020-C0-B,,
77611,86760-60170,,
77612,Y86760-60170,,
77698,Y86760-12070-1,,
77699,Y86760-12080-1,,
77700,Y86300-42250-1,,
77701,Y86760-42030-2,,
77702,Y86760-30270-2,,
77703,Y86760-42090-A-2,,
77704,Y86760-42050-1,,
77705,Y86760-42070-A-2,,
77706,Y86760-42040-A-2,,
77721,86760-12070-1,,
77722,L86760-12070-1,,
77723,86760-12080-1,,
77724,L86760-12080-1,,
77725,86300-42250-1,,
77726,L86300-42250-1,,
77727,C86300-42250-1,,
77728,86760-42030-2,,
77729,L86760-42030-2,,
77730,86760-30270-2,,
77731,L86760-30270-2,,
77732,86760-42090-A-2,,
77733,L86760-42090-A-2,,
77734,86760-42050-1,,
77735,L86760-42050-1,,
77736,C86760-42050-1,,
77737,86760-42070-A-2,,
77738,L86760-42070-A-2,,
77739,86760-42080-1,,
77740,L86760-42080-1,,
77741,86760-42040-A-2,,
77742,L86760-42040-A-2,,
77958,86760-30260-2,,
77959,L86760-30260-2,,
77960,86760-47081-A-1,,
77961,86760-48100-A-2,,
77963,Y86760-30260-2,,
77965,Y86760-48100-A-2,,
78028,Y86760-42080-1,,
78164,86300-52650,,
78166,MS-8723A625HC-1,,
78167,MF-8723A625HC-1,,
78677,Y86300-52650,,
78792,L86760-60170,,
78827,86760-16010-A,,
78829,86760-17010-A,,
78831,Y86760-16010-A,,
78832,Y86760-17010-A,,
79168,C86760-12080-1,,
79173,MS-8723A625HG-1,,
79174,MF-8723A625HG-1,,
79336,C86760-16010-A,,
79938,86760-33250,,
79939,86760-42060,,
79940,86760-42150,,
79941,86760-42190,,
79942,Y86760-33250,,
79943,Y86760-42060,,
79944,Y86760-42150,,
79945,Y86760-42190,,
91169,86760-42200,,
91172,Y86760-42200,,
91398,S8A150-TKR-J310-M1(NH883P),,
91399,S8A150-TKR-J310-M1(NH902P),,
91400,S8A150-TKR-J310-M1(NH830M),,
91401,S8A150-TKR-J310-M1(B610M),,
91402,S8A150-TKR-J310-M1(PB93P),,
91445,86769-42010,,
91446,Y86769-42010,,
91494,86760-26010-A3-C,,
91907,S8A150-3BW-T010-M1(NH883P),,
91908,S8A150-3BW-T010-M1(NH731P),,
91909,S8A150-3BW-T010-M1(B645P),,
91910,S8A150-3BW-Q010-M1(NH883P),,
91911,S8A150-3BW-Q010-M1(NH731P),,
91912,S8A150-3BW-Q010-M1(B645P),,
91913,S8A150-3BW-J010-M1(NH883P),,
91914,S8A150-3BW-J010-M1(NH731P),,
91916,S8A150-3BW-T011-M1(NH955),,
91918,S8A150-3BW-T011-M1(RP62P),,
91919,S8A150-3BW-Q011-M1(NH955),,
91921,S8A150-3BW-Q011-M1(RP62P),,
91922,S8A150-3BW-J011-M1(NH955),,
91923,S8A150-3BW-J011-M1(Y79M),,
91924,S8A150-3BW-J011-M1(RP62P),,
91925,S8A150-TKR-J310-M1(NH731P),,
92053,S39154-TLA-A010-M1,,
92164,C86760-K0010-B,,
92247,S8A150-3BW-T011-M1(NH883P),,
92248,S8A150-3BW-T011-M1(NH731P),,
92250,S8A150-3BW-Q011-M1(NH883P),,
92251,S8A150-3BW-Q011-M1(NH731P),,
92252,S8A150-3BW-Q011-M1(B645P),,
92253,S8A150-3BW-J011-M1(NH883P),,
92254,S8A150-3BW-J011-M1(NH731P),,
92255,S8A150-3BW-J011-M1(B645P),,
92369,C86760-30260-2,,
92385,MS-28208 W040P-1,,
92392,MF-28208 W040P-1,,
92393,MF-8723A595-5(28208 6RR1A),,
92460,MS-8723A625GA-1,,
92461,MF-8723A625GA-1,,
92466,86760-50210,,
92541,C86760-42150,,
VC30045,S8A150-TKR-J310-M1(B645P),,
VC30046,L86760-50210,,
10023,N890P23810,,
10024,N890P23811,,
10058,08544-00780-A,,
10076,86076-47010-A,,
10086,86159-B2460-C,,
10105,86159-B2500-B,,
10109,86159-B2220-B,,
10117,86159-B2570-J,,
10118,189173-0020,,
10132,N6-28230 7NA0A,,
10133,N6-28230 7NA0B,,
10134,N6-28243 5WH1A(YOZ-51932DA35),,
10135,86159-B2720-H,,
10152,N6-28243 5WH2A,,
10161,86259-B1020,,
10165,K86159-B2790-J,,
10166,86159-B1020-N,,
10173,86159-B1030-A,,
10174,Y86159-B1020-N,,
10175,Y86159-B2220-B,,
10176,Y86159-B2720-H,,
10177,Y86259-B1020,,
10183,Y86159-B1030-A,,
10225,N6-28230 7NA0A-1,,
10230,86159-B2650-A,,
10231,Y86159-B2650-A,,
10232,N6-28230 7MA0C,,
10293,86050-V3010-B,,
10294,86050-V3010-C,,
10297,Y86050-V3010-C,,
10298,Y86119-V3010,,
10299,08609-00150,,
15728,N890P12312,,
16325,N890P17510,,
16539,N890P17514,,
16540,N890P17515,,
8610110070,8610110070,B,
8630968020,8630968020,B,
8630947020,8630947020,B,
8630942080,8630942080,B,
8630071090,8630071090,B,
8696047011,8696047011,B,
86808V2070,86808V2070,BA,
0854400780,0854400780,U4,
0866300520,0866300520,U4,
0866318010,0866318010,U4,
